id_batiment,cluster_infra,type_batiment,nb_maisons,cout_total,cout_materiel,cout_main_oeuvre,duree_totale
E000003,"{('P007113', 'aerien'): 12.1935087083631, ('P007984', 'aerien'): 30.0575979492587, ('P007823', 'aerien'): 12.290282829583}",habitation,1,31361.29895514276,27270.6947436024,4090.6042115403598,15.02879897462935
E000067,"{('P006193', 'fourreau'): 12.1863879405322, ('P002851', 'semi-aerien'): 10.8032015604234, ('P007624', 'aerien'): 4.10990474598487}",habitation,4,25338.77351865113,21125.102689788968,4213.670828862163,15.23298492566525
E000085,"{('P005500', 'aerien'): 13.1420349052071, ('P007990', 'aerien'): 18.7028610321555, ('P007447', 'fourreau'): 2.84535154473363}",hÃ´pital,1,21405.134968881317,18483.264358941567,2921.8706099397505,9.35143051607775
E000098,"{('P005531', 'aerien'): 14.8493095953268, ('P007639', 'fourreau'): 6.13280316452202}",habitation,7,15207.776458730605,12944.177645733216,2263.5988129973884,7.666003955652525
E000106,"{('P005500', 'aerien'): 13.1420349052071, ('P007990', 'aerien'): 18.7028610321555, ('P001391', 'fourreau'): 7.63593644945982, ('P007752', 'aerien'): 3.12835142463862}",Ã©cole,1,28413.698121938254,24358.966485514447,4054.7316364238077,9.544920561824775
E000107,"{('P005500', 'aerien'): 13.1420349052071, ('P007990', 'aerien'): 18.7028610321555, ('P001391', 'fourreau'): 7.63593644945982, ('P007689', 'aerien'): 5.1037127857757}",habitation,2,29549.530904592077,25346.64716608299,4202.883738509088,9.544920561824775
E000108,"{('P005500', 'aerien'): 13.1420349052071, ('P007991', 'fourreau'): 7.5088306175948, ('P007997', 'fourreau'): 30.1295771789513, ('P007476', 'fourreau'): 4.92849119929359}",habitation,6,53848.17272846975,44881.226548859275,8966.946179610475,37.66197147368913
E000109,"{('P005500', 'aerien'): 13.1420349052071, ('P007991', 'fourreau'): 7.5088306175948, ('P007997', 'fourreau'): 30.1295771789513, ('P007572', 'aerien'): 5.62700791605979}",habitation,6,51723.96810097235,43259.08842752494,8464.87967344741,37.66197147368913
E000110,"{('P005500', 'aerien'): 13.1420349052071, ('P007991', 'fourreau'): 7.5088306175948, ('P007998', 'aerien'): 37.0636340148083, ('P007554', 'fourreau'): 8.72690474251765}",habitation,3,46524.62183313115,39714.99628410891,6809.625549022239,18.53181700740415
E000111,"{('P005770', 'aerien'): 13.8935987811649, ('P007985', 'aerien'): 10.4897301634131, ('P007813', 'fourreau'): 1.36523196955369}",habitation,5,15505.10391002199,13420.373244887323,2084.730665134667,6.94679939058245
E000112,"{('P005664', 'aerien'): 12.9108403618454, ('P007448', 'aerien'): 7.9742290455672}",habitation,6,12008.914909262245,10442.5347037063,1566.380205555945,6.4554201809227
E000127,"{('P005117', 'aerien'): 13.2627025810985, ('P000873', 'aerien'): 5.46510947034025, ('P007790', 'fourreau'): 5.85611808756648}",habitation,8,17137.02034980583,14634.412304529207,2502.608045276621,7.3201476094580995
E000128,"{('P005317', 'aerien'): 11.95171127553, ('P001156', 'aerien'): 13.4887076792516, ('P007679', 'semi-aerien'): 4.5706986139249}",habitation,6,18741.86965153183,16148.233437834475,2593.636213697355,6.7443538396258
E000129,"{('P005317', 'aerien'): 11.95171127553, ('P007999', 'aerien'): 42.1144223056854, ('P007485', 'semi-aerien'): 5.64944506755882}",habitation,5,36172.52737000179,31270.150591276815,4902.376778724978,21.0572111528427
E000144,"{('P005117', 'aerien'): 13.2627025810985, ('P008002', 'fourreau'): 12.5346743139761, ('P008006', 'aerien'): 17.9528543234573, ('P007737', 'fourreau'): 4.66009795790718}",habitation,6,36648.26006579265,31083.073496972855,5565.1865688198,15.668342892470124
E000145,"{('P005117', 'aerien'): 13.2627025810985, ('P008002', 'fourreau'): 12.5346743139761, ('P008007', 'aerien'): 6.84639309859005, ('P007638', 'fourreau'): 5.10207355361142}",habitation,3,30742.693321822346,25927.620920673045,4815.072401149301,15.668342892470124
E000146,"{('P005100', 'aerien'): 6.25975675306654, ('P000732', 'aerien'): 10.7871386086093, ('P008001', 'aerien'): 9.80181343246892, ('P000719', 'aerien'): 10.698159350814, ('P000644', 'aerien'): 5.79686473036686, ('P007802', 'semi-aerien'): 4.65316558492902}",habitation,2,29110.495429748353,25161.740626359577,3948.7548033887747,5.39356930430465
E000160,"{('P005100', 'aerien'): 6.25975675306654, ('P000732', 'aerien'): 10.7871386086093, ('P008001', 'aerien'): 9.80181343246892, ('P000719', 'aerien'): 10.698159350814, ('P008005', 'aerien'): 8.40245186934037, ('P000723', 'aerien'): 13.1599422339419, ('P000600', 'aerien'): 9.68226549663264, ('P007641', 'aerien'): 6.69156313094176}",habitation,8,43402.77725359387,37741.54543790771,5661.2318156861575,6.57997111697095
E000161,"{('P005100', 'aerien'): 6.25975675306654, ('P000732', 'aerien'): 10.7871386086093, ('P008001', 'aerien'): 9.80181343246892, ('P000719', 'aerien'): 10.698159350814, ('P008005', 'aerien'): 8.40245186934037, ('P008009', 'aerien'): 25.2059107325926, ('P000604', 'semi-aerien'): 4.98282106064181, ('P007580', 'fourreau'): 8.43108274854405}",habitation,2,54567.59912308203,46902.70564261687,7664.893480465161,12.6029553662963
E000174,"{('P005100', 'aerien'): 6.25975675306654, ('P000732', 'aerien'): 10.7871386086093, ('P008001', 'aerien'): 9.80181343246892, ('P000719', 'aerien'): 10.698159350814, ('P008005', 'aerien'): 8.40245186934037, ('P000723', 'aerien'): 13.1599422339419, ('P008008', 'aerien'): 34.1154172411379, ('P008021', 'aerien'): 14.9117118858221, ('P007785', 'aerien'): 8.13675729756796}",habitation,1,66857.06048684217,58136.574336384496,8720.486150457675,17.05770862056895
E000175,"{('P005100', 'aerien'): 6.25975675306654, ('P000732', 'aerien'): 10.7871386086093, ('P008001', 'aerien'): 9.80181343246892, ('P000719', 'aerien'): 10.698159350814, ('P008005', 'aerien'): 8.40245186934037, ('P000723', 'aerien'): 13.1599422339419, ('P008008', 'aerien'): 34.1154172411379, ('P008022', 'aerien'): 34.8372572653182, ('P007595', 'semi-aerien'): 10.0082136912815}",habitation,3,82643.0059561042,71537.12864580969,11105.87731029451,17.4186286326591
E000176,"{('P005100', 'aerien'): 6.25975675306654, ('P000732', 'aerien'): 10.7871386086093, ('P008001', 'aerien'): 9.80181343246892, ('P000719', 'aerien'): 10.698159350814, ('P008005', 'aerien'): 8.40245186934037, ('P008009', 'aerien'): 25.2059107325926, ('P008015', 'fourreau'): 34.6108377868067, ('P008023', 'semi-aerien'): 11.2796548571624, ('P007562', 'fourreau'): 10.7507961303452}",habitation,2,100396.72393581159,84862.82704175437,15533.896894057221,43.263547233508376
E000177,"{('P005100', 'aerien'): 6.25975675306654, ('P000732', 'aerien'): 10.7871386086093, ('P008001', 'aerien'): 9.80181343246892, ('P000719', 'aerien'): 10.698159350814, ('P008005', 'aerien'): 8.40245186934037, ('P008009', 'aerien'): 25.2059107325926, ('P008015', 'fourreau'): 34.6108377868067, ('P008024', 'fourreau'): 18.3100645954404, ('P007566', 'fourreau'): 6.60727277655205}",habitation,2,105651.14816465681,89152.9730163651,16498.17514829172,43.263547233508376
E000178,"{('P005100', 'aerien'): 6.25975675306654, ('P000732', 'aerien'): 10.7871386086093, ('P008001', 'aerien'): 9.80181343246892, ('P000719', 'aerien'): 10.698159350814, ('P008003', 'aerien'): 16.9947899061457, ('P008004', 'fourreau'): 4.2679056836056, ('P000494', 'aerien'): 4.84007013228732, ('P000750', 'fourreau'): 5.4200839327337, ('P007727', 'aerien'): 6.32141109105695}",habitation,1,48314.993790577006,41570.760291929735,6744.233498647274,8.49739495307285
E000183,"{('P005000', 'semi-aerien'): 2.71913580007238, ('P008027', 'fourreau'): 20.455789433764, ('P007530', 'aerien'): 12.7359304342272}",habitation,1,32016.05322896413,26817.527557555484,5198.525671408646,25.569736792205
E000184,"{('P005000', 'semi-aerien'): 2.71913580007238, ('P008028', 'aerien'): 36.9797725156077, ('P007593', 'semi-aerien'): 10.402928114011}",habitation,6,33073.22671914947,28331.434193366385,4741.792525783085,18.48988625780385
E000185,"{('P006106', 'aerien'): 12.8869548736554, ('P002717', 'fourreau'): 6.93113318288768, ('P007565', 'aerien'): 6.4644213871373}",habitation,1,18664.648686346154,15913.707994995262,2750.9406913508924,8.6639164786096
E000188,"{('P005915', 'semi-aerien'): 12.8261922697184, ('P002445', 'aerien'): 6.96033389014315, ('P007764', 'semi-aerien'): 4.11611330130554}",habitation,2,19250.267000753855,16186.89612333953,3063.370877414327,12.8261922697184
E000193,"{('P005100', 'aerien'): 6.25975675306654, ('P000732', 'aerien'): 10.7871386086093, ('P008001', 'aerien'): 9.80181343246892, ('P000719', 'aerien'): 10.698159350814, ('P008005', 'aerien'): 8.40245186934037, ('P000723', 'aerien'): 13.1599422339419, ('P008008', 'aerien'): 34.1154172411379, ('P008022', 'aerien'): 34.8372572653182, ('P008026', 'semi-aerien'): 12.0182044137484, ('P007607', 'aerien'): 7.64056605573305}",habitation,4,88845.3230883709,76864.90471552638,11980.418372844524,17.4186286326591
E000194,"{('P005100', 'aerien'): 6.25975675306654, ('P000732', 'aerien'): 10.7871386086093, ('P008001', 'aerien'): 9.80181343246892, ('P000719', 'aerien'): 10.698159350814}",habitation,5,21589.449183351288,18773.43407247938,2816.0151108719074,5.39356930430465
E000195,"{('P005100', 'aerien'): 6.25975675306654, ('P000732', 'aerien'): 10.7871386086093, ('P008001', 'aerien'): 9.80181343246892, ('P000719', 'aerien'): 10.698159350814}",habitation,4,21589.449183351288,18773.43407247938,2816.0151108719074,5.39356930430465
E000196,"{('P005100', 'aerien'): 6.25975675306654, ('P000732', 'aerien'): 10.7871386086093, ('P008001', 'aerien'): 9.80181343246892, ('P000719', 'aerien'): 10.698159350814}",habitation,3,21589.449183351288,18773.43407247938,2816.0151108719074,5.39356930430465
E000197,"{('P005100', 'aerien'): 6.25975675306654, ('P000732', 'aerien'): 10.7871386086093, ('P008001', 'aerien'): 9.80181343246892, ('P000719', 'aerien'): 10.698159350814, ('P008003', 'aerien'): 16.9947899061457, ('P008004', 'fourreau'): 4.2679056836056, ('P000494', 'aerien'): 4.84007013228732, ('P000748', 'aerien'): 4.62412685627937, ('P007763', 'aerien'): 6.65725214040895}",habitation,4,45272.63405946715,39172.66870528509,6099.965354182058,8.49739495307285
E000198,"{('P005100', 'aerien'): 6.25975675306654, ('P000732', 'aerien'): 10.7871386086093, ('P008001', 'aerien'): 9.80181343246892, ('P000719', 'aerien'): 10.698159350814, ('P008003', 'aerien'): 16.9947899061457, ('P008004', 'fourreau'): 4.2679056836056, ('P000494', 'aerien'): 4.84007013228732, ('P008010', 'fourreau'): 7.57564714734482, ('P008014', 'semi-aerien'): 13.8302331906613, ('P007695', 'fourreau'): 4.38499382431335}",habitation,2,64240.248064644795,54669.23097442926,9571.017090215535,13.8302331906613
E000222,"{('P005820', 'aerien'): 14.5718479009645, ('P007627', 'semi-aerien'): 8.53830202306228}",habitation,6,16063.284363810639,13689.65046777896,2373.63389603168,8.53830202306228
E000225,"{('P005100', 'aerien'): 6.25975675306654, ('P000732', 'aerien'): 10.7871386086093, ('P008001', 'aerien'): 9.80181343246892, ('P000719', 'aerien'): 10.698159350814}",habitation,5,21589.449183351288,18773.43407247938,2816.0151108719074,5.39356930430465
E000226,"{('P005100', 'aerien'): 6.25975675306654, ('P000732', 'aerien'): 10.7871386086093, ('P008001', 'aerien'): 9.80181343246892, ('P000719', 'aerien'): 10.698159350814, ('P008003', 'aerien'): 16.9947899061457, ('P008004', 'fourreau'): 4.2679056836056, ('P000494', 'aerien'): 4.84007013228732, ('P000744', 'aerien'): 5.56320770970003, ('P007458', 'fourreau'): 6.8843047480427}",habitation,2,49471.366982945314,42509.45733502937,6961.909647915942,8.605380935053375
E000227,"{('P005100', 'aerien'): 6.25975675306654, ('P000732', 'aerien'): 10.7871386086093, ('P008001', 'aerien'): 9.80181343246892, ('P000719', 'aerien'): 10.698159350814, ('P008003', 'aerien'): 16.9947899061457, ('P008004', 'fourreau'): 4.2679056836056, ('P000494', 'aerien'): 4.84007013228732, ('P000744', 'aerien'): 5.56320770970003, ('P007686', 'aerien'): 7.59049553958964}",habitation,2,46349.220504712925,40108.830831585765,6240.389673127158,8.49739495307285
E000228,"{('P005100', 'aerien'): 6.25975675306654, ('P000732', 'aerien'): 10.7871386086093, ('P008001', 'aerien'): 9.80181343246892, ('P000719', 'aerien'): 10.698159350814, ('P008003', 'aerien'): 16.9947899061457, ('P008004', 'fourreau'): 4.2679056836056, ('P000494', 'aerien'): 4.84007013228732, ('P008010', 'fourreau'): 7.57564714734482, ('P008012', 'aerien'): 2.80432575486411, ('P008011', 'semi-aerien'): 10.0806400820172, ('P007810', 'fourreau'): 0.372684471449813}",habitation,8,58114.71515467287,49648.12060280106,8466.594551871816,10.0806400820172
E000229,"{('P005100', 'aerien'): 6.25975675306654, ('P000732', 'aerien'): 10.7871386086093, ('P008001', 'aerien'): 9.80181343246892, ('P000719', 'aerien'): 10.698159350814, ('P008003', 'aerien'): 16.9947899061457, ('P008004', 'fourreau'): 4.2679056836056, ('P000494', 'aerien'): 4.84007013228732, ('P008010', 'fourreau'): 7.57564714734482, ('P008012', 'aerien'): 2.80432575486411, ('P008011', 'semi-aerien'): 10.0806400820172, ('P007731', 'fourreau'): 3.79968906454059}",habitation,1,61841.58264965909,52732.424736582754,9109.157913076337,10.0806400820172
E000252,"{('P005820', 'aerien'): 14.5718479009645, ('P007988', 'semi-aerien'): 17.9351395403247, ('P007698', 'aerien'): 9.47252997174691}",habitation,5,29967.14286310129,25473.543591599228,4493.59927150206,17.9351395403247
E000257,"{('P005100', 'aerien'): 6.25975675306654, ('P000732', 'aerien'): 10.7871386086093, ('P008001', 'aerien'): 9.80181343246892, ('P000719', 'aerien'): 10.698159350814, ('P005193', 'fourreau'): 14.491126102841, ('P007992', 'fourreau'): 10.3986057299725, ('P007648', 'aerien'): 3.39796783687204}",habitation,1,50610.86405773739,42873.17664044755,7737.6874172898415,18.11390762855125
E000258,"{('P005100', 'aerien'): 6.25975675306654, ('P000732', 'aerien'): 10.7871386086093, ('P008001', 'aerien'): 9.80181343246892, ('P000719', 'aerien'): 10.698159350814}",habitation,6,21589.449183351288,18773.43407247938,2816.0151108719074,5.39356930430465
E000259,"{('P005100', 'aerien'): 6.25975675306654, ('P000732', 'aerien'): 10.7871386086093, ('P008001', 'aerien'): 9.80181343246892, ('P000719', 'aerien'): 10.698159350814}",habitation,8,21589.449183351288,18773.43407247938,2816.0151108719074,5.39356930430465
E000260,"{('P005100', 'aerien'): 6.25975675306654, ('P000732', 'aerien'): 10.7871386086093, ('P008001', 'aerien'): 9.80181343246892, ('P000719', 'aerien'): 10.698159350814, ('P008003', 'aerien'): 16.9947899061457, ('P008004', 'fourreau'): 4.2679056836056, ('P000494', 'aerien'): 4.84007013228732, ('P008010', 'fourreau'): 7.57564714734482, ('P008012', 'aerien'): 2.80432575486411, ('P008013', 'fourreau'): 8.28759638847956, ('P000740', 'fourreau'): 5.23566836620947, ('P007702', 'aerien'): 4.73832300241692}",habitation,7,66067.93086526977,56292.32429741191,9775.606567857858,10.35949548559945
E000266,"{('P006709', 'aerien'): 13.4212136147779, ('P008025', 'aerien'): 10.7673305164675, ('P007692', 'semi-aerien'): 9.64962873769354}",habitation,8,22593.07873939029,19331.493618892855,3261.585120497436,9.64962873769354
E000267,"{('P006457', 'fourreau'): 9.77631599620947, ('P003569', 'aerien'): 8.31138115880164, ('P007777', 'fourreau'): 8.95144561872574}",habitation,4,25145.484922552983,21010.676032842508,4134.808889710475,12.220394995261838
E000268,"{('P006457', 'fourreau'): 9.77631599620947, ('P003569', 'aerien'): 8.31138115880164, ('P007696', 'aerien'): 14.6793721892947}",habitation,6,23851.426821033194,20294.061070636693,3557.365750396501,12.220394995261838
E000274,"{('P005781', 'aerien'): 14.510677085006, ('P007539', 'aerien'): 6.64993672554073}",habitation,4,12167.35294106437,10580.306905273364,1587.0460357910047,7.255338542503
E000275,"{('P005100', 'aerien'): 6.25975675306654, ('P000732', 'aerien'): 10.7871386086093, ('P008001', 'aerien'): 9.80181343246892, ('P000719', 'aerien'): 10.698159350814, ('P008003', 'aerien'): 16.9947899061457, ('P008004', 'fourreau'): 4.2679056836056, ('P000494', 'aerien'): 4.84007013228732, ('P008010', 'fourreau'): 7.57564714734482, ('P008012', 'aerien'): 2.80432575486411, ('P008013', 'fourreau'): 8.28759638847956, ('P000476', 'fourreau'): 4.08484495788828, ('P000717', 'aerien'): 5.06471817304192, ('P007618', 'aerien'): 3.98512786168602}",habitation,1,67295.53615229932,57412.34474607836,9883.191406220962,10.35949548559945
E000293,"{('P006709', 'aerien'): 13.4212136147779, ('P008025', 'aerien'): 10.7673305164675, ('P003849', 'fourreau'): 4.45174541295179, ('P007713', 'aerien'): 14.7479475229988}",habitation,4,27229.755837775487,23474.81669877871,3754.939138996776,7.3739737614994
E000301,"{('P005726', 'aerien'): 13.6049409361135, ('P007994', 'aerien'): 5.03354509521443, ('P003202', 'semi-aerien'): 3.57039201834049, ('P007597', 'fourreau'): 6.31480197224767}",habitation,3,20797.82942933934,17680.358804442236,3117.470624897106,7.893502465309588
E000302,"{('P005100', 'aerien'): 6.25975675306654, ('P000732', 'aerien'): 10.7871386086093, ('P008001', 'aerien'): 9.80181343246892, ('P000719', 'aerien'): 10.698159350814, ('P000730', 'fourreau'): 1.29899271965775, ('P007631', 'fourreau'): 4.7919164305287}",habitation,7,28213.312884179053,24255.252307647184,3958.060576531867,5.989895538160876
E000303,"{('P005100', 'aerien'): 6.25975675306654, ('P000732', 'aerien'): 10.7871386086093, ('P008001', 'aerien'): 9.80181343246892, ('P000719', 'aerien'): 10.698159350814, ('P008003', 'aerien'): 16.9947899061457, ('P008004', 'fourreau'): 4.2679056836056, ('P000494', 'aerien'): 4.84007013228732, ('P008010', 'fourreau'): 7.57564714734482, ('P008012', 'aerien'): 2.80432575486411, ('P008013', 'fourreau'): 8.28759638847956, ('P000476', 'fourreau'): 4.08484495788828, ('P008016', 'fourreau'): 8.04338585809972, ('P008020', 'aerien'): 11.7528304195152, ('P007567', 'aerien'): 4.70550586894857}",habitation,4,80302.60016888085,68355.637145236,11946.963023644848,10.35949548559945
E000315,"{('P005726', 'aerien'): 13.6049409361135, ('P007994', 'aerien'): 5.03354509521443, ('P007995', 'aerien'): 20.6914541519515, ('P003330', 'aerien'): 1.95148972393884, ('P007770', 'aerien'): 3.21575403753504}",habitation,4,25585.880768233154,22248.591972376656,3337.2887958564984,10.34572707597575
E000316,"{('P005726', 'aerien'): 13.6049409361135, ('P007994', 'aerien'): 5.03354509521443, ('P007995', 'aerien'): 20.6914541519515, ('P007996', 'aerien'): 9.96720012610787, ('P007662', 'aerien'): 1.45309505359909}",habitation,5,29181.385333717175,25375.117681493197,3806.2676522239794,10.34572707597575
E000317,"{('P005100', 'aerien'): 6.25975675306654, ('P000732', 'aerien'): 10.7871386086093, ('P008001', 'aerien'): 9.80181343246892, ('P000719', 'aerien'): 10.698159350814, ('P008003', 'aerien'): 16.9947899061457, ('P008004', 'fourreau'): 4.2679056836056, ('P000494', 'aerien'): 4.84007013228732, ('P008010', 'fourreau'): 7.57564714734482, ('P008012', 'aerien'): 2.80432575486411, ('P008013', 'fourreau'): 8.28759638847956, ('P000476', 'fourreau'): 4.08484495788828, ('P008016', 'fourreau'): 8.04338585809972, ('P000470', 'aerien'): 2.57224945914596, ('P000635', 'aerien'): 5.16644492273189, ('P007584', 'aerien'): 3.081639376471}",habitation,2,77060.74871406479,65536.63588017855,11524.112833886229,10.35949548559945
E000322,"{('P006712', 'fourreau'): 12.5562775429942, ('P003802', 'aerien'): 12.5012019609488, ('P007602', 'aerien'): 11.2388526888587}",habitation,5,27305.483251645506,23170.67711359853,4134.806138046975,15.695346928742751
E000325,"{('P006709', 'aerien'): 13.4212136147779, ('P008025', 'aerien'): 10.7673305164675, ('P003849', 'fourreau'): 4.45174541295179, ('P008029', 'semi-aerien'): 32.2334229767792, ('P003934', 'aerien'): 6.60463481490573, ('P007552', 'fourreau'): 8.33224937288682}",habitation,3,60618.75290273767,51077.252012914716,9541.500889822955,32.2334229767792
E000326,"{('P006709', 'aerien'): 13.4212136147779, ('P008025', 'aerien'): 10.7673305164675, ('P003849', 'fourreau'): 4.45174541295179, ('P008029', 'semi-aerien'): 32.2334229767792, ('P008030', 'semi-aerien'): 10.1313417193291, ('P007715', 'semi-aerien'): 11.9577038177932}",habitation,3,67639.90767456254,56842.694322705436,10797.213351857092,32.2334229767792
E000327,"{('P005100', 'aerien'): 6.25975675306654, ('P000732', 'aerien'): 10.7871386086093, ('P008001', 'aerien'): 9.80181343246892, ('P000719', 'aerien'): 10.698159350814, ('P008003', 'aerien'): 16.9947899061457, ('P008004', 'fourreau'): 4.2679056836056, ('P000494', 'aerien'): 4.84007013228732, ('P008010', 'fourreau'): 7.57564714734482, ('P008012', 'aerien'): 2.80432575486411, ('P008013', 'fourreau'): 8.28759638847956, ('P000476', 'fourreau'): 4.08484495788828, ('P008016', 'fourreau'): 8.04338585809972, ('P000470', 'aerien'): 2.57224945914596, ('P008019', 'semi-aerien'): 4.16591671935325, ('P000633', 'aerien'): 5.1921602413572, ('P007677', 'fourreau'): 3.55803562516816}",habitation,3,82922.2811705918,70335.34345342199,12586.93771716982,10.35949548559945
E000346,"{('P006712', 'fourreau'): 12.5562775429942, ('P003802', 'aerien'): 12.5012019609488, ('P003870', 'aerien'): 6.48414270909882, ('P007699', 'semi-aerien'): 11.7815303649109}",habitation,7,35174.90234170339,29629.469897401767,5545.432444301619,15.695346928742751
E000358,"{('P005100', 'aerien'): 6.25975675306654, ('P000732', 'aerien'): 10.7871386086093, ('P008001', 'aerien'): 9.80181343246892, ('P000719', 'aerien'): 10.698159350814, ('P008003', 'aerien'): 16.9947899061457, ('P008004', 'fourreau'): 4.2679056836056, ('P000494', 'aerien'): 4.84007013228732, ('P008010', 'fourreau'): 7.57564714734482, ('P008012', 'aerien'): 2.80432575486411, ('P008013', 'fourreau'): 8.28759638847956, ('P000476', 'fourreau'): 4.08484495788828, ('P008016', 'fourreau'): 8.04338585809972, ('P000470', 'aerien'): 2.57224945914596, ('P008019', 'semi-aerien'): 4.16591671935325, ('P000464', 'fourreau'): 4.85875310412324, ('P000629', 'aerien'): 5.31366434867898, ('P007544', 'aerien'): 3.33630911377794}",habitation,4,86325.0540310878,73234.89579503142,13090.158236056377,10.35949548559945
E000359,"{('P006712', 'fourreau'): 12.5562775429942, ('P003802', 'aerien'): 12.5012019609488, ('P003870', 'aerien'): 6.48414270909882, ('P003881', 'aerien'): 5.48429532793334, ('P007637', 'aerien'): 11.4459140938685}",habitation,4,34306.39543081963,29258.42683461951,5047.968596200122,15.695346928742751
E000360,"{('P006950', 'fourreau'): 4.98657320364, ('P008033', 'fourreau'): 30.5368269197176, ('P004282', 'aerien'): 6.15148232447661, ('P007528', 'aerien'): 10.759672538483}",habitation,2,48355.61168035318,40426.63754250165,7928.974137851522,38.171033649647
E000361,"{('P006950', 'fourreau'): 4.98657320364, ('P008033', 'fourreau'): 30.5368269197176, ('P004271', 'fourreau'): 6.61138266761108, ('P007529', 'aerien'): 12.4769836838268}",habitation,1,52995.84190337885,44159.79635378521,8836.045549593638,38.171033649647
E000363,"{('P005100', 'aerien'): 6.25975675306654, ('P000732', 'aerien'): 10.7871386086093, ('P008001', 'aerien'): 9.80181343246892, ('P000719', 'aerien'): 10.698159350814, ('P008003', 'aerien'): 16.9947899061457, ('P008004', 'fourreau'): 4.2679056836056, ('P000494', 'aerien'): 4.84007013228732, ('P008010', 'fourreau'): 7.57564714734482, ('P008012', 'aerien'): 2.80432575486411, ('P008013', 'fourreau'): 8.28759638847956, ('P000476', 'fourreau'): 4.08484495788828, ('P008016', 'fourreau'): 8.04338585809972, ('P000470', 'aerien'): 2.57224945914596, ('P008019', 'semi-aerien'): 4.16591671935325, ('P000464', 'fourreau'): 4.85875310412324, ('P000462', 'fourreau'): 3.69477602082419, ('P000627', 'fourreau'): 4.90868168597643, ('P007645', 'aerien'): 3.03521930158189}",habitation,2,92452.83064473033,78170.63065071446,14282.199994015866,10.35949548559945
E000364,"{('P004862', 'aerien'): 8.82148724309171, ('P008031', 'aerien'): 10.978932377147, ('P007518', 'aerien'): 4.91814131725302}",habitation,5,14213.172539057745,12359.280468745865,1853.8920703118797,5.4894661885735
E000365,"{('P004862', 'aerien'): 8.82148724309171, ('P008031', 'aerien'): 10.978932377147, ('P007780', 'fourreau'): 9.91136244085116}",habitation,8,22163.847936062895,18820.4360068854,3343.411929177496,12.389203051063951
E000366,"{('P006712', 'fourreau'): 12.5562775429942, ('P003802', 'aerien'): 12.5012019609488, ('P003870', 'aerien'): 6.48414270909882, ('P003881', 'aerien'): 5.48429532793334, ('P003903', 'aerien'): 10.912493042733, ('P007478', 'semi-aerien'): 12.9024250386495}",habitation,2,45611.860861201276,38668.53508803889,6943.325773162385,15.695346928742751
E000367,"{('P006950', 'fourreau'): 4.98657320364, ('P008033', 'fourreau'): 30.5368269197176, ('P004282', 'aerien'): 6.15148232447661, ('P004284', 'aerien'): 5.44625644673519, ('P007564', 'aerien'): 7.13168893719009}",habitation,3,49401.11856648248,41335.77396522279,8065.344601259692,38.171033649647
E000368,"{('P006950', 'fourreau'): 4.98657320364, ('P008033', 'fourreau'): 30.5368269197176, ('P004282', 'aerien'): 6.15148232447661, ('P004284', 'aerien'): 5.44625644673519, ('P007609', 'aerien'): 7.79612855602243}",habitation,8,49783.17134731108,41667.99377463896,8115.177572672118,38.171033649647
E000369,"{('P006950', 'fourreau'): 4.98657320364, ('P008033', 'fourreau'): 30.5368269197176, ('P004271', 'fourreau'): 6.61138266761108, ('P004269', 'aerien'): 8.03245737103393, ('P007507', 'fourreau'): 8.2451799365212}",habitation,3,59406.87245448976,49358.19514025786,10048.677314231898,38.171033649647
E000370,"{('P005100', 'aerien'): 6.25975675306654, ('P000732', 'aerien'): 10.7871386086093, ('P008001', 'aerien'): 9.80181343246892, ('P000719', 'aerien'): 10.698159350814, ('P008003', 'aerien'): 16.9947899061457, ('P008004', 'fourreau'): 4.2679056836056, ('P000494', 'aerien'): 4.84007013228732, ('P008010', 'fourreau'): 7.57564714734482, ('P008012', 'aerien'): 2.80432575486411, ('P008013', 'fourreau'): 8.28759638847956, ('P000476', 'fourreau'): 4.08484495788828, ('P008016', 'fourreau'): 8.04338585809972, ('P000470', 'aerien'): 2.57224945914596, ('P008019', 'semi-aerien'): 4.16591671935325, ('P000464', 'fourreau'): 4.85875310412324, ('P000462', 'fourreau'): 3.69477602082419, ('P008017', 'aerien'): 4.27226322548612, ('P000621', 'aerien'): 6.05514938826793, ('P007533', 'semi-aerien'): 2.84839658610424}",habitation,2,93871.20739322377,79535.21122899993,14335.996164223834,10.35949548559945
E000371,"{('P005100', 'aerien'): 6.25975675306654, ('P000732', 'aerien'): 10.7871386086093, ('P008001', 'aerien'): 9.80181343246892, ('P000719', 'aerien'): 10.698159350814, ('P008003', 'aerien'): 16.9947899061457, ('P008004', 'fourreau'): 4.2679056836056, ('P000494', 'aerien'): 4.84007013228732, ('P008010', 'fourreau'): 7.57564714734482, ('P008012', 'aerien'): 2.80432575486411, ('P008013', 'fourreau'): 8.28759638847956, ('P000476', 'fourreau'): 4.08484495788828, ('P008016', 'fourreau'): 8.04338585809972, ('P000470', 'aerien'): 2.57224945914596, ('P008019', 'semi-aerien'): 4.16591671935325, ('P000464', 'fourreau'): 4.85875310412324, ('P000462', 'fourreau'): 3.69477602082419, ('P008017', 'aerien'): 4.27226322548612, ('P008018', 'aerien'): 14.7483787687636, ('P007616', 'aerien'): 7.57918244268621}",habitation,6,100664.28726405953,85535.11970101269,15129.167563046838,10.35949548559945
E000372,"{('P006950', 'fourreau'): 4.98657320364, ('P008033', 'fourreau'): 30.5368269197176, ('P004271', 'fourreau'): 6.61138266761108, ('P004269', 'aerien'): 8.03245737103393, ('P004261', 'semi-aerien'): 8.0897383575819, ('P007610', 'fourreau'): 8.8689078508038}",habitation,5,67365.9410830958,55986.85403129862,11379.087051797169,38.171033649647
E000373,"{('P004862', 'aerien'): 8.82148724309171, ('P008031', 'aerien'): 10.978932377147, ('P008032', 'aerien'): 10.5209747840379, ('P004209', 'fourreau'): 9.97549376892212, ('P007514', 'aerien'): 10.3279655802057}",habitation,8,34221.73146478013,29302.62438427106,4919.10708050907,12.469367211152651
E000374,"{('P004862', 'aerien'): 8.82148724309171, ('P008031', 'aerien'): 10.978932377147, ('P008032', 'aerien'): 10.5209747840379, ('P008034', 'fourreau'): 10.0099030897997, ('P007534', 'fourreau'): 11.0908638527212}",habitation,7,40381.88583245053,34151.387450407114,6230.498382043415,13.863579815901499
E000375,"{('P006950', 'fourreau'): 4.98657320364, ('P008033', 'fourreau'): 30.5368269197176, ('P004271', 'fourreau'): 6.61138266761108, ('P004269', 'aerien'): 8.03245737103393, ('P004261', 'semi-aerien'): 8.0897383575819, ('P004257', 'semi-aerien'): 6.11375464797472, ('P007768', 'aerien'): 9.32956330061528}",habitation,1,68587.8818763777,57254.93460186388,11332.947274513812,38.171033649647
E000376,"{('P004862', 'aerien'): 8.82148724309171, ('P008031', 'aerien'): 10.978932377147, ('P008032', 'aerien'): 10.5209747840379, ('P004209', 'fourreau'): 9.97549376892212, ('P004211', 'fourreau'): 2.87454919232451, ('P007506', 'aerien'): 14.6582864643116}",habitation,8,39837.73821979393,34054.87909941607,5782.859120377858,12.469367211152651
E000377,"{('P004862', 'aerien'): 8.82148724309171, ('P008031', 'aerien'): 10.978932377147, ('P008032', 'aerien'): 10.5209747840379, ('P008035', 'aerien'): 11.7197592250876, ('P004196', 'fourreau'): 7.74281322100572, ('P007703', 'semi-aerien'): 10.1403162890544}",habitation,6,41720.2573748771,35594.345930378055,6125.911444499048,10.1403162890544
E000378,"{('P004862', 'aerien'): 8.82148724309171, ('P008031', 'aerien'): 10.978932377147, ('P008032', 'aerien'): 10.5209747840379, ('P008035', 'aerien'): 11.7197592250876, ('P004234', 'aerien'): 13.4849030344439, ('P007497', 'aerien'): 7.52768320033647}",habitation,5,36255.90042188313,31526.86993207229,4729.030489810843,6.74245151722195
E000379,"{('P006950', 'fourreau'): 4.98657320364, ('P008033', 'fourreau'): 30.5368269197176, ('P004271', 'fourreau'): 6.61138266761108, ('P004269', 'aerien'): 8.03245737103393, ('P004261', 'semi-aerien'): 8.0897383575819, ('P004257', 'semi-aerien'): 6.11375464797472, ('P004251', 'aerien'): 5.83511135139461, ('P007766', 'semi-aerien'): 10.9647553869973}",habitation,2,76446.85185387338,63731.27516750152,12715.576686371856,38.171033649647
E000380,"{('P004862', 'aerien'): 8.82148724309171, ('P008031', 'aerien'): 10.978932377147, ('P008032', 'aerien'): 10.5209747840379, ('P008035', 'aerien'): 11.7197592250876, ('P004196', 'fourreau'): 7.74281322100572, ('P004185', 'aerien'): 5.82173712682777, ('P007463', 'fourreau'): 9.79128091421177}",habitation,4,46589.489556859415,39712.130099791735,6877.359457067678,12.239101142764712
E000381,"{('P004862', 'aerien'): 8.82148724309171, ('P008031', 'aerien'): 10.978932377147, ('P008032', 'aerien'): 10.5209747840379, ('P008035', 'aerien'): 11.7197592250876, ('P004234', 'aerien'): 13.4849030344439, ('P008036', 'semi-aerien'): 7.44176035956022, ('P007459', 'aerien'): 9.86535817150771}",habitation,8,44297.6478539108,38277.02768732808,6020.620166582719,7.44176035956022
